{
  "hash": "ffb75c84",
  "configHash": "bf5d5ae4",
  "lockfileHash": "3d9c574c",
  "browserHash": "18a77f00",
  "optimized": {
    "@angular/common": {
      "src": "../../../../../../node_modules/@angular/common/fesm2022/common.mjs",
      "file": "@angular_common.js",
      "fileHash": "518c9b67",
      "needsInterop": false
    },
    "@angular/common/http": {
      "src": "../../../../../../node_modules/@angular/common/fesm2022/http.mjs",
      "file": "@angular_common_http.js",
      "fileHash": "fc5549c3",
      "needsInterop": false
    },
    "@angular/core": {
      "src": "../../../../../../node_modules/@angular/core/fesm2022/core.mjs",
      "file": "@angular_core.js",
      "fileHash": "c58b0ef3",
      "needsInterop": false
    },
    "@angular/forms": {
      "src": "../../../../../../node_modules/@angular/forms/fesm2022/forms.mjs",
      "file": "@angular_forms.js",
      "fileHash": "dbf3a97e",
      "needsInterop": false
    },
    "@angular/platform-browser": {
      "src": "../../../../../../node_modules/@angular/platform-browser/fesm2022/platform-browser.mjs",
      "file": "@angular_platform-browser.js",
      "fileHash": "70647013",
      "needsInterop": false
    },
    "@angular/router": {
      "src": "../../../../../../node_modules/@angular/router/fesm2022/router.mjs",
      "file": "@angular_router.js",
      "fileHash": "568f7979",
      "needsInterop": false
    }
  },
  "chunks": {
    "chunk-S3QZGXVX": {
      "file": "chunk-S3QZGXVX.js"
    },
    "chunk-MV5Y7WP5": {
      "file": "chunk-MV5Y7WP5.js"
    },
    "chunk-SBJFXLLR": {
      "file": "chunk-SBJFXLLR.js"
    },
    "chunk-ANE3HKAR": {
      "file": "chunk-ANE3HKAR.js"
    },
    "chunk-7TBAKADB": {
      "file": "chunk-7TBAKADB.js"
    }
  }
}